{
	"credit": "Made with Blockbench",
	"texture_size": [64, 64],
	"textures": {
		"0": "bonomen:item/paraglider",
		"particle": "bonomen:item/paraglider"
	},
	"elements": [
		{
			"from": [-1, 0, 6],
			"to": [-1, 16, 9],
			"rotation": {"angle": 0, "axis": "y", "origin": [-3, 0, 9]},
			"faces": {
				"north": {"uv": [0, 0, 0, 4], "texture": "#0"},
				"east": {"uv": [4, 7, 4.75, 11], "texture": "#0"},
				"south": {"uv": [0, 0, 0, 4], "texture": "#0"},
				"west": {"uv": [4, 7, 4.75, 11], "texture": "#0"},
				"up": {"uv": [0, 0.75, 0, 0], "texture": "#0"},
				"down": {"uv": [0, 0, 0, 0.75], "texture": "#0"}
			}
		},
		{
			"from": [17, 0, 6],
			"to": [17, 16, 9],
			"rotation": {"angle": 0, "axis": "y", "origin": [15, 0, 9]},
			"faces": {
				"north": {"uv": [0, 0, 0, 4], "texture": "#0"},
				"east": {"uv": [4, 7, 4.75, 11], "texture": "#0"},
				"south": {"uv": [0, 0, 0, 4], "texture": "#0"},
				"west": {"uv": [4, 7, 4.75, 11], "texture": "#0"},
				"up": {"uv": [0, 0.75, 0, 0], "texture": "#0"},
				"down": {"uv": [0, 0, 0, 0.75], "texture": "#0"}
			}
		},
		{
			"from": [0, 17, 0],
			"to": [16, 18, 16],
			"rotation": {"angle": 0, "axis": "x", "origin": [7, 16, 0]},
			"faces": {
				"north": {"uv": [6.75, 0, 10.75, 0.25], "texture": "#0"},
				"east": {"uv": [6.75, 0, 10.75, 0.25], "texture": "#0"},
				"south": {"uv": [6.75, 0, 10.75, 0.25], "texture": "#0"},
				"west": {"uv": [6.75, 0, 10.75, 0.25], "texture": "#0"},
				"up": {"uv": [4, 4, 0, 0], "texture": "#0"},
				"down": {"uv": [4, 4, 0, 8], "texture": "#0"}
			}
		},
		{
			"from": [-10, 16, 4],
			"to": [1, 17, 18],
			"rotation": {"angle": 22.5, "axis": "y", "origin": [-8, 16, 4]},
			"faces": {
				"north": {"uv": [6.75, 1.5, 9.5, 1.75], "texture": "#0"},
				"east": {"uv": [6.75, 1.25, 10.25, 1.5], "texture": "#0"},
				"south": {"uv": [6.75, 1.5, 9.5, 1.75], "texture": "#0"},
				"west": {"uv": [6.75, 1.25, 10.25, 1.5], "texture": "#0"},
				"up": {"uv": [6.75, 3.5, 4, 0], "texture": "#0"},
				"down": {"uv": [6.75, 3.5, 4, 7], "texture": "#0"}
			}
		},
		{
			"from": [12.44415, 16, -1.31492],
			"to": [23.44415, 17, 12.68508],
			"rotation": {"angle": -22.5, "axis": "y", "origin": [11, 16, 7]},
			"faces": {
				"north": {"uv": [6.75, 1.5, 9.5, 1.75], "texture": "#0"},
				"east": {"uv": [10.25, 1.25, 6.75, 1.5], "texture": "#0"},
				"south": {"uv": [6.75, 1.5, 9.5, 1.75], "texture": "#0"},
				"west": {"uv": [10.25, 1.25, 6.75, 1.5], "texture": "#0"},
				"up": {"uv": [6.75, 3.5, 4, 0], "texture": "#0"},
				"down": {"uv": [6.75, 3.5, 4, 7], "texture": "#0"}
			}
		}
	],
	"display": {
		"thirdperson_righthand": {
			"rotation": [90, 0, 0],
			"translation": [-6, -2.5, 12]
		},
		"thirdperson_lefthand": {
			"rotation": [90, 0, 0],
			"translation": [-6, -2.5, 12]
		},
		"firstperson_righthand": {
			"translation": [-9, 5.5, 0]
		},
		"firstperson_lefthand": {
			"translation": [-9, 5.5, 0]
		},
		"gui": {
			"rotation": [27, -40, 0],
			"translation": [0, -1.25, 0],
			"scale": [0.5, 0.5, 0.5]
		},
		"head": {
			"translation": [0, -2.25, 0]
		},
		"fixed": {
			"scale": [0.5, 0.5, 0.5]
		}
	}
}