{
    "format_version": "1.14.0",

    "sound_definitions":{  
        "music.phantom_boss":{
        "sounds":[{
            "category": "record",
            "name":"bonomen:music/servants_of_the_scourge_noteblock",
            "stream": true
        }]
    },
    "music.piglin_boss":{
        "sounds":[{
            "category": "record",
            "name":"bonomen:music/pigstep_synthwave",
            "stream": true
        }]
    },
    "music.reworked.wither":{
        "sounds":[{
            "category": "record",
            "name":"bonomen:music/beginning_of_the_end_remake",
            "stream": true
        }]
    },
    "music.reworked.dragon":{
        "sounds":[{
            "category": "record",
            "name":"bonomen:music/free_the_end",
            "stream": true
        }]
    },
    "music.placeholder.boss":{
        "sounds":[{
            "category": "record",
            "name":"bonomen:music/placeholdersong",
            "stream": true
        }]
    },


    "music.disc.darksun":{
        "sounds":[{
            "category": "record",
            "name":"bonomen:music/darksun",
            "stream": true
        }]
    },
    "music.disc.synthwavepigstep":{
        "sounds":[{
            "category": "record",
            "name":"bonomen:music/pigstep_synthwave",
            "stream": true
        }]
    },
    "music.disc.servantsofthescourgenoteblock":{
        "sounds":[{
            "category": "record",
            "name":"bonomen:music/servants_of_the_scourge_noteblock",
            "stream": true
        }]
    },
    "music.disc.wither":{
        "sounds":[{
            "category": "record",
            "name":"bonomen:music/beginning_of_the_end_remake",
            "stream": true
        }]
    },
    "music.disc.freetheend":{
        "sounds":[{
            "category": "record",
            "name":"bonomen:music/free_the_end",
            "stream": true
        }]
    }}

    
}